{
  "project_info": {
    "project_number": "445032167957",
    "project_id": "fir-e8b5a",
    "storage_bucket": "fir-e8b5a.appspot.com"
  },
  "client": [
    {
      "client_info": {
        "mobilesdk_app_id": "1:445032167957:android:eddf473a6720b64f666c1c",
        "android_client_info": {
          "package_name": "com.example.google_sign"
        }
      },
      "oauth_client": [
        {
          "client_id": "445032167957-n7enjsstu9fifsfuik19dl0319nhkgoq.apps.googleusercontent.com",
          "client_type": 3
        }
      ],
      "api_key": [
        {
          "current_key": "AIzaSyBGx3fglhznukhw8CtRZpcaZkYkqnyH1DU"
        }
      ],
      "services": {
        "appinvite_service": {
          "other_platform_oauth_client": [
            {
              "client_id": "445032167957-n7enjsstu9fifsfuik19dl0319nhkgoq.apps.googleusercontent.com",
              "client_type": 3
            }
          ]
        }
      }
    }
  ],
  "configuration_version": "1"
}