{
  "project_info": {
    "project_number": "762277324910",
    "project_id": "fir-crud-d1c1e",
    "storage_bucket": "fir-crud-d1c1e.appspot.com"
  },
  "client": [
    {
      "client_info": {
        "mobilesdk_app_id": "1:762277324910:android:0923a740823ac8220f9e7f",
        "android_client_info": {
          "package_name": "com.example.firebase_crud_geeve_account"
        }
      },
      "oauth_client": [
        {
          "client_id": "762277324910-jibr6ak1o5iao3k36v9jhvnosfd8k1cl.apps.googleusercontent.com",
          "client_type": 1,
          "android_info": {
            "package_name": "com.example.firebase_crud_geeve_account",
            "certificate_hash": "b2160f40f993f2dd5197cfd9649d2c1575b6a8b2"
          }
        },
        {
          "client_id": "762277324910-05jqd3vjamd87qbd18rohb6eakm18ccr.apps.googleusercontent.com",
          "client_type": 3
        }
      ],
      "api_key": [
        {
          "current_key": "AIzaSyAsphx_Z_ZaKQc8HYj7VqCqsFH_nYAZkEs"
        }
      ],
      "services": {
        "appinvite_service": {
          "other_platform_oauth_client": [
            {
              "client_id": "762277324910-05jqd3vjamd87qbd18rohb6eakm18ccr.apps.googleusercontent.com",
              "client_type": 3
            }
          ]
        }
      }
    }
  ],
  "configuration_version": "1"
}