{
  "project_info": {
    "project_number": "1097360229318",
    "project_id": "second-33492",
    "storage_bucket": "second-33492.appspot.com"
  },
  "client": [
    {
      "client_info": {
        "mobilesdk_app_id": "1:1097360229318:android:5c84fee17abce60934a8c7",
        "android_client_info": {
          "package_name": "com.example.phone_otp"
        }
      },
      "oauth_client": [
        {
          "client_id": "1097360229318-r3cqirchggngfbbvfjrc6250t859ub9n.apps.googleusercontent.com",
          "client_type": 3
        }
      ],
      "api_key": [
        {
          "current_key": "AIzaSyBatcayrvl6AXxzWY8ZAZtIgR1Acoo4L14"
        }
      ],
      "services": {
        "appinvite_service": {
          "other_platform_oauth_client": [
            {
              "client_id": "1097360229318-r3cqirchggngfbbvfjrc6250t859ub9n.apps.googleusercontent.com",
              "client_type": 3
            }
          ]
        }
      }
    }
  ],
  "configuration_version": "1"
}