{
  "project_info": {
    "project_number": "71718962833",
    "project_id": "sign-cbffe",
    "storage_bucket": "sign-cbffe.appspot.com"
  },
  "client": [
    {
      "client_info": {
        "mobilesdk_app_id": "1:71718962833:android:f394e9f5570f47c42e2130",
        "android_client_info": {
          "package_name": "com.example.google_sign_firebase"
        }
      },
      "oauth_client": [
        {
          "client_id": "71718962833-rd2i45bliv473mo4crtdbosa3gd7g7m5.apps.googleusercontent.com",
          "client_type": 3
        }
      ],
      "api_key": [
        {
          "current_key": "AIzaSyAh5N_Pli1sazevheCPfFObDIi76XeU5bQ"
        }
      ],
      "services": {
        "appinvite_service": {
          "other_platform_oauth_client": [
            {
              "client_id": "71718962833-rd2i45bliv473mo4crtdbosa3gd7g7m5.apps.googleusercontent.com",
              "client_type": 3
            }
          ]
        }
      }
    }
  ],
  "configuration_version": "1"
}