{
  "project_info": {
    "project_number": "233462296272",
    "project_id": "chatapp-6a0de",
    "storage_bucket": "chatapp-6a0de.appspot.com"
  },
  "client": [
    {
      "client_info": {
        "mobilesdk_app_id": "1:233462296272:android:a21a7e3eaa2cef52fb38d5",
        "android_client_info": {
          "package_name": "com.example.chat_app_brain"
        }
      },
      "oauth_client": [
        {
          "client_id": "233462296272-6nulip2if57c2m07r4rang932jdrrh0p.apps.googleusercontent.com",
          "client_type": 1,
          "android_info": {
            "package_name": "com.example.chat_app_brain",
            "certificate_hash": "b2160f40f993f2dd5197cfd9649d2c1575b6a8b2"
          }
        },
        {
          "client_id": "233462296272-chhkrr273umo50j55uha1f8llr0hj8gg.apps.googleusercontent.com",
          "client_type": 3
        }
      ],
      "api_key": [
        {
          "current_key": "AIzaSyAkg9ORrSSLqW5PIjCys4VUifrUWqMApk8"
        }
      ],
      "services": {
        "appinvite_service": {
          "other_platform_oauth_client": [
            {
              "client_id": "233462296272-chhkrr273umo50j55uha1f8llr0hj8gg.apps.googleusercontent.com",
              "client_type": 3
            }
          ]
        }
      }
    }
  ],
  "configuration_version": "1"
}